"Health Zone Lab (Address : 54 ? Naseerabad Stop Near HBL Ferozpur Road, Lahore Pakistan) Whatsapp :   0317-1170410",,,,
List of Common Tests,,,,
Code,Test Name,Rate,Specimen,Reporting Time
4208,Anti HCV (ELISA),800,3- 5cc Clotted Blood or Serum,SAME DAY
1300,Blood C/E (CBC),500,3cc EDTA BLOOD (CBC VIAL),Same Day After 6 Hour
1400,Blood Glucose (Fasting),300,Sodium Fluoride Containing Sample,Same Day After 6 Hour
1401,Blood Glucose (Random),300,Sodium Fluoride Containing Sample,Same Day After 6 Hour
28000,Blood Group & Rh Factor,300,3cc EDTA BLOOD (CBC VIAL),DAILY
3333,CBC For (Dengue),90,3cc EDTA BLOOD (CBC VIAL),Same Day After 8 Hour
12361,Coronavirus Antibody (SARS-Cov-2),3500,3- 5cc Clotted Blood or Serum,SAME DAY
9999999,COVID-19 (CoronaVirus) PCR Qualitative,5500,SWAB,AFTER THREE DAYS
1301,Hemoglobin (HB),300,3cc EDTA BLOOD (CBC VIAL),Same Day After 8 Hour
66112,LIVER FUNCTION TESTS (LFT),1600,3- 5cc Clotted Blood or Serum,Same Day After 6 Hour
4124,Total Testosterone,1400,3- 5cc Clotted Blood or Serum,DAILY
1100,Urine C/E,400,Urine (Random/Spot),Same Day After 8 Hour
1302,WBC (TLC),300,3cc EDTA BLOOD (CBC VIAL),Same Day After 8 Hour
,,,,
List of all tests:,,,,
Code,Test Name,Rate,Sample,Reporting Time
2587,24 Hours Urinary Specific Gravity,600,24 Hrs Urine,DAILY
4849,24 hours Urinary Potassium,500,24 Hrs Urine,DAILY
3506,24 hrs Urinary Sodium,500,24 Hours Urine,SAME DAY
554648,25-Hydroxy Vit-D3 Level,2800,3- 5cc Clotted Blood or Serum,DAILY
6056,A/G Ratio,800,3- 5cc Clotted Blood or Serum,DAILY
8125,Abdominal Fluid For C/E,1200,Abdominal Fluid,Same Day After 12 Hour
8096,Abdominal Fluid For Malignant Cytology,1400,Abdominal Fluid,AFTER FIVE DAYS
8082,Abdominal Fluid For AFB C/S,1600,Abdominal Fluid,AFTER 1 WEEKS
8032,Abdominal Fluid For AFB Stain / ZN Stain,400,Abdominal Fluid,SAME DAY
8081,Abdominal Fluid For C/S,1600,Abdominal Fluid,AFTER SEVEN DAYS
8057,Abdominal Fluid For Gram Stain,400,Abdominal Fluid,SAME DAY
1254,Absolute Eosinophil Count,400,3cc EDTA BLOOD (CBC VIAL),SAME DAY
8093,Absolute Neutrophil Count,400,3cc EDTA BLOOD (CBC VIAL),SAME DAY
1256,Acetyl Choline Receptor Antibody (AChR Abs),9000,3- 5cc Clotted Blood or Serum,AFTER TWO DAYS
78945,Angiotensin Converting Enzyme (ACE) Level,3650,3- 5cc Clotted Blood or Serum,AFTER TWO DAYS
3831,ACTH (Adrenocorticotropic Hormone),3000,3- 5cc Clotted Blood or Serum,AFTER TWO DAYS
4195,Adenosine Deaminase (ADA-CSF),4300,CSF,AFTER TWO DAYS
4194,Adenosine Deaminase (ADA-FLUID),4300,Fluid,AFTER TWO DAYS
4236,Adenosine Deaminase (ADA-Serum),4300,3- 5cc Clotted Blood or Serum,AFTER TWO DAYS
8201,AFB C/S,1600,Sputum,AFTER 2 WEEKS
6064,Albumin (Quantitative - Urine),400,Urine (Random/Spot),DAILY
6054,Albumin (serum),400,3- 5cc Clotted Blood or Serum,DAILY
1620,Albumin / Creatinine Ratio.,800,3.00cc Serum or Random Urine,DAILY
2706,Aldolase(Serum),1650,3- 5cc Clotted Blood or Serum,AFTER TWO DAYS
1505,Alkaline Phosphatase (ALP),400,3- 5cc Clotted Blood or Serum,SAME DAY
4810,Alpha Anti Trypsin,2050,3- 5cc Clotted Blood or Serum,AFTER TWO DAYS
4300,Alpha Fetoprotein (AFP),1800,3- 5cc Clotted Blood or Serum,SAME DAY
1710,Ammonia (NH3),1400,Plasma of Edta vial Separate within 30 min,SAME DAY
2700,Amylase,1000,3- 5cc Clotted Blood or Serum,SAME DAY
44,Amylase (24Hrs Urine),1000,Serum and 24Hrs Urine,AFTER TWO DAYS
1103,Amylase (Fluid),1000,Fluid,SAME DAY
4816,ANA (Anti Nuclear Antibody) Elisa,1500,3- 5cc Clotted Blood or Serum,SAME DAY
2701,ANA (Anti Nuclear Antibody) IFA,3500,3- 5cc Clotted Blood or Serum,AFTER ONE DAY
12352,"ANA Profile (ANA, AMA, ASMA) IFA",4500,3- 5cc Clotted Blood or Serum,AFTER ONE DAY
5017,ANCA - C,3650,3cc EDTA BLOOD (CBC VIAL),AFTER THREE DAYS
5016,"ANCA -, P",3650,3- 5cc Clotted Blood or Serum,AFTER THREE DAYS
2721,Anion Gap (Serum),1100,3- 5cc Clotted Blood or Serum,AFTER THREE DAYS
4151,Anti Cardiolipin IgG,2800,3- 5cc Clotted Blood or Serum,AFTER ONE DAY
4152,Anti Cardiolipin IgM,2800,3- 5cc Clotted Blood or Serum,AFTER ONE DAY
101,Anti CCP (Cyclic Citrullinated Peptide),2400,3- 5cc Clotted Blood or Serum,SAME DAY
3102,Anti Centromers Anti Bodies (ANA)IFA,3500,3- 5cc Clotted Blood or Serum,AFTER THREE DAYS
4805,Anti ds DNA,1800,3- 5cc Clotted Blood or Serum,SAME DAY
5000,Anti Endomysial IgA,2500,3- 5cc Clotted Blood or Serum,AFTER THREE DAYS
1622,Anti Endomysial IgG,2500,3- 5cc Clotted Blood or Serum,AFTER THREE DAYS
8176,Anti Epstein Barr Virus (EBV) IgG,3400,3- 5cc Clotted Blood or Serum,AFTER THREE DAYS
8175,Anti Epstein Barr Virus (EBV) PCR,7150,3- 5cc Clotted Blood or Serum,AFTER THREE DAYS
5066,Anti Gliadin IgA,2400,3- 5cc Clotted Blood or Serum,AFTER THREE DAYS
9056,Anti Gliadin IgG,2400,3- 5cc Clotted Blood or Serum,AFTER THREE DAYS
4213,Anti HAV IgG,1800,3- 5cc Clotted Blood or Serum,SAME DAY
4202,Anti HAV IgM,1800,3- 5cc Clotted Blood or Serum,SAME DAY
5920,Anti HBc (Total),1950,3- 5cc Clotted Blood or Serum,AFTER THREE DAYS
4205,Anti Hbc IgM,2150,3- 5cc Clotted Blood or Serum,AFTER THREE DAYS
4207,Anti HBe,2150,3- 5cc Clotted Blood or Serum,AFTER THREE DAYS
4225,Anti HBs Antibody,1700,3- 5cc Clotted Blood or Serum,AFTER THREE DAYS
4208,Anti HCV (ELISA),800,3- 5cc Clotted Blood or Serum,SAME DAY
13010,Anti HCV Screening,500,EDTA (WB) & Clotted Blood,DAILY
2531,Anti HDV,2000,3- 5cc Clotted Blood or Serum,AFTER THREE DAYS
4210,Anti HEV IgG,2700,3- 5cc Clotted Blood or Serum,AFTER TWO DAYS
4214,Anti HEV IgM,2700,3- 5cc Clotted Blood or Serum,AFTER TWO DAYS
4211,Anti HIV - 1 & 2 (ELISA),2200,3- 5cc Clotted Blood or Serum,AFTER TWO DAYS
9008,Anti Leptospiral Ig G,3300,3- 5cc Clotted Blood or Serum,AFTER THREE DAYS
9007,Anti Leptospiral Ig M,3300,3- 5cc Clotted Blood or Serum,AFTER THREE DAYS
8387,Anti LKM (Anti Liver Kidney Microsomal Ab),2150,3- 5cc Clotted Blood or Serum,AFTER THREE DAYS
3813,Anti Mullerian Hormone (AMH),5400,3- 5cc Clotted Blood or Serum,DAILY
4137,Anti Neutrophil Cytoplasmic Antibodies,7800,3- 5cc Clotted Blood or Serum,AFTER 7 DAYS
4219,Anti HIV - 1 & 2 Screening,600,3- 5cc Clotted Blood or Serum,SAME DAY
5038,Anti Phospholipid IgG,2650,3- 5cc Clotted Blood or Serum,AFTER THREE WEEKS
5039,Anti Phospholipid IgM,2650,3- 5cc Clotted Blood or Serum,AFTER THREE DAYS
5021,Anti Scl-70,2650,3- 5cc Clotted Blood or Serum,AFTER THREE DAYS
5020,Anti Sperm Antibodies,3300,3- 5cc Clotted Blood or Serum,AFTER THREE DAYS
3662,Anti Streptolysine O Titre (ASOT),800,3- 5cc Clotted Blood or Serum,DAILY
5031,Anti Thyroglobulin Antibodies (Anti-Tg),1000,3- 5cc Clotted Blood or Serum,AFTER ONE WEEK
5557,Anti Tissue Transglutaminase IgA (TGA),1800,3- 5cc Clotted Blood or Serum,AFTER THREE DAYS
5560,Anti Tissue Transglutaminase IgG (TGA),1800,3- 5cc Clotted Blood or Serum,AFTER TWO DAYS
3435,Anti TSH Receptor Antibodies (TRAB),3450,3- 5cc Clotted Blood or Serum,AFTER THREE DAYS
3265,Apolipoprotein A1,1450,3- 5cc Clotted Blood or Serum,AFTER THREE DAYS
1306,APTT (Activated Partial Thromboplastin Time),700,Sodium Citrate Tube (PT Vial),Same Day After 8 Hour
2207,Ascitic Fluid For Cytology,1400,Ascitic Fluid,AFTER FIVE DAYS
2201,Ascitic Fluid C/E,1200,Fluid,Same Day After 12 Hour
132,Ascitic Fluid For C/S,1600,Ascitic Fluid,AFTER THREE DAYS
8058,Ascitic Fluid For AFB C/S,1600,Ascitic Fluid,AFTER 8 WEEKS
8011,Ascitic Fluid For AFB Stain / ZN Stain,400,Ascitic Fluid,SAME DAY
8035,Ascitic Fluid For Gram Stain,400,Ascitic Fluid,SAME DAY
4444,Ascitic Fluid for Triglycerides,550,Fluid,DAILY
8103,Aspirate For C/S,1600,Aspirate,AFTER THREE DAYS
50,B2-Microglobulin,3300,3- 5cc Clotted Blood or Serum,AFTER THREE DAYS
5575,Barr Bodies (Buccal Smear),700,Buccal Smear,AFTER THREE DAYS
1102,Bence Jones Protein (Urine),600,Urine (Random/Spot),SAME DAY
1106,Benzodiazepines (Urine),2700,Urine (Random/Spot),AFTER THREE DAYS
4309,Beta HCG (Serum),1400,3- 5cc Clotted Blood or Serum,SAME DAY
3894,Bicarbonates (HCO3),500,3- 5cc Clotted Blood or Serum,AFTER ONE DAY
8009,Bile Salt,300,3- 5cc Clotted Blood or Serum,AFTER THREE DAYS
15013,Bilirubin (Direct + Indirect),800,3- 5cc Clotted Blood or Serum,DAILY
1502,Bilirubin Direct,400,3- 5cc Clotted Blood or Serum,SAME DAY
1514,Bilirubin Indirect,400,3- 5cc Clotted Blood or Serum,SAME DAY
6048,Bilirubin Total,400,3- 5cc Clotted Blood or Serum,DAILY
3223,BIOPSY EXTRA LARGE,5000,Biopsy Tissue with History & Radiology Reports,AFTER 7 DAYS
8112,Biopsy Large,4400,Biopsy Tissue with History & Radiology Reports,AFTER ONE WEEK
8111,Biopsy medium,3200,Biopsy Tissue with History & Radiology Reports,AFTER ONE WEEK
8110,Biopsy Small,2200,Biopsy Tissue with History & Radiology Reports,AFTER ONE WEEK
1345,Bleeding Time,400,CONTACT LAB,Same Day After 8 Hour
3890,Blood Aerobic for C/S,1600,BLOOD (IN AEROBIC CULTURE VIAL),AFTER 7 DAYS
3889,Blood Anaerobic for C/S,2000,BLOOD (IN AEROBIC CULTURE VIAL),AFTER 7 DAYS
1300,Blood C/E (CBC),500,3cc EDTA BLOOD (CBC VIAL),Same Day After 6 Hour
4011,Blood for C/S (Final Report),1600,BLOOD (IN AEROBIC CULTURE VIAL),AFTER 7 DAYS
1400,Blood Glucose (Fasting),300,Sodium Fluoride Containing Sample,Same Day After 6 Hour
1401,Blood Glucose (Random),300,Sodium Fluoride Containing Sample,Same Day After 6 Hour
28000,Blood Group & Rh Factor,300,3cc EDTA BLOOD (CBC VIAL),DAILY
8087,Body Fluid For C/S,1600,BODY FLUID,AFTER THREE DAYS
8102,Body Fluid For Cytology,1400,BODY FLUID,AFTER FIVE DAYS
8036,Body Fluid For Gram Stain,400,BODY FLUID,SAME DAY
8531,Bone For C/S,1600,Bone,AFTER 7 DAYS
3763,Bone Marrow Slide for Review,4000,none,AFTER 7 DAYS
8037,Bronchial washing ( BAL) For Gram Stain,400,BRONCHIAL WASHING,SAME DAY
8145,Bronchial Washing For AFB C/S,1600,BRONCHIAL WASHING,AFTER 8 WEEKS
8066,Bronchial Washing For C/S,1600,BRONCHIAL WASHING,AFTER THREE DAYS
3983,Bronchial Washing for C/S (Anaerobic),2000,BRONCHIAL WASHING,AFTER 7 DAYS
2221,Bronchial Washing For Cytology.,1400,BRONCHIAL WASHING,AFTER FIVE DAYS
8014,Bronchial Wasing For AFB Stain / ZN Stain,400,BRONCHIAL WASHING,SAME DAY
9874,Bronchoalveolar Lavage C/S,1600,Bronchoalveolar Lavag,AFTER THREE DAYS
1515151,Brucella IgG,1000,3- 5cc Clotted Blood or Serum,AFTER ONE DAY
1515152,Brucella IgM,1000,3- 5cc Clotted Blood or Serum,AFTER THREE DAYS
1602,BUN (Blood Urea Nitrogen),400,3- 5cc Clotted Blood or Serum,SAME DAY
1626,BUN / Creatinine Ratio,1000,3- 5cc Clotted Blood or Serum,SAME DAY
2709,C Peptide Level,2850,3- 5cc Clotted Blood or Serum,AFTER THREE DAYS
4295,C2 Monitoring,6050,3cc EDTA BLOOD (CBC VIAL),AFTER THREE DAYS
4600,C3 (Complement Level 3),1200,3- 5cc Clotted Blood or Serum,AFTER TWO DAYS
4601,C4 (Complement Level 4),1200,3- 5cc Clotted Blood or Serum,AFTER TWO DAYS
4302,CA 125,3000,3- 5cc Clotted Blood or Serum,NEXT DAY
8092,CA 15-3,3500,3- 5cc Clotted Blood or Serum,AFTER THREE DAYS
4306,CA-19-9,3650,3- 5cc Clotted Blood or Serum,AFTER THREE DAYS
151515,CALCITONIN,6350,3- 5cc Clotted Blood or Serum,AFTER FOUR DAYS
1528,Calcium (Fluid),500,Fluid,AFTER ONE DAY
3508,Calcium Urine (24 hrs),500,24 Hrs Urine,AFTER TWO DAYS
3521,Calcium Urine (Spot / Random),500,Urine (Random/Spot),AFTER ONE DAY
3529,Calcium/Creatinine Ratio,1000,Urine (Random/Spot),AFTER TWO DAYS
5095,Calprotectin (Stool),4200,3- 5cc Clotted Blood or Serum,AFTER THREE DAYS
3530,Cannabinoids (Urine),2750,Urine,AFTER THREE DAYS
4401,Carbamazepine (Tegretol),1450,3- 5cc Clotted Blood or Serum,AFTER THREE DAYS
1800,Cardiac Enzymes,1600,3- 5cc Clotted Blood or Serum,SAME DAY
8106,Catheter Tip For C/S,1600,Catheter tip,AFTER THREE DAYS
3333,CBC For (Dengue),90,3cc EDTA BLOOD (CBC VIAL),Same Day After 8 Hour
4301,CEA (Carcinoembryonic Antigen),2400,3- 5cc Clotted Blood or Serum,AFTER THREE DAYS
4139,Ceruloplasmin,1750,3- 5cc Clotted Blood or Serum,AFTER THREE DAYS
11071,Chloride (24 Hours Urine),500,24 Hrs Urine,AFTER TWO DAYS
11075,Chloride (Spot Urine),500,Urine (Random/Spot),AFTER ONE DAY
1530,Chloride (Fluid),500,Fluid,SAME DAY
1703,Chloride (Serum),500,3- 5cc Clotted Blood or Serum,SAME DAY
1902,Cholesterol,400,(Fasting) 3- 5cc Clotted Blood or Serum,SAME DAY
1346,Clotting Time,400,CONTACT LAB,Same Day After 8 Hour
4705,CMV IgG (Cytomegalovirus),1500,3- 5cc Clotted Blood or Serum,AFTER ONE DAY
4706,CMV IgM (Cytomegalovirus),1500,3- 5cc Clotted Blood or Serum,AFTER ONE DAY
11222,Coagulation Profile,1800,Sodium Citrate Tube (PT Vial),Same Day After 8 Hour
3545,Cocaine (Urine),2750,Urine (Random/Spot),AFTER THREE DAYS
3360,Conjunctival Swab Left side for C/S,1600,SWAB,AFTER THREE DAYS
3361,Conjunctival Swab Right side for C/S,1600,SWAB,AFTER THREE DAYS
1336,Coombs Test (Direct),1000,3- 5cc Clotted Blood or Serum,AFTER ONE DAY
1337,Coombs Test (Indirect),1000,3cc EDTA BLOOD (CBC VIAL),NEXT DAY
3514,Copper (24 Hrs Urine),1800,3- 5cc Clotted Blood or Serum,AFTER THREE DAYS
1709,Copper (Serum),1800,3- 5cc Clotted Blood or Serum,AFTER THREE DAYS
3565,Cornial Scraping C/S,1600,SWAB,AFTER THREE DAYS
12361,Coronavirus Antibody (SARS-Cov-2),3500,3- 5cc Clotted Blood or Serum,SAME DAY
5058,Cortisol (24 Hour Urine),1400,24 Hrs Urine,AFTER THREE DAYS
4112,Cortisol (AM),1400,3- 5cc Clotted Blood or Serum,SAME DAY
4113,Cortisol (PM),1400,3- 5cc Clotted Blood or Serum,SAME DAY
9999999,COVID-19 (CoronaVirus) PCR Qualitative,5500,SWAB,AFTER THREE DAYS
1801,CPK,600,3- 5cc Clotted Blood or Serum,SAME DAY
12366,Creatine Kinase-MB (CK-MB),800,3- 5cc Clotted Blood or Serum,DAILY
1603,Creatinine,400,3- 5cc Clotted Blood or Serum,SAME DAY
3511,Creatinine (24 Hrs Urine),500,24 Hrs Urine,SAME DAY
9017,Creatinine (Urine),500,Urine (Random/Spot),SAME DAY
1624,Cross Match With Chromatographic Screening,2000,EDTA AND SERUM,SAME DAY
2801,Cross Match With ELISA,3500,EDTA AND SERUM,NEXT DAY
3490,CRP Quantitative (hs),1200,3- 5cc Clotted Blood or Serum,SAME DAY
8059,CSF Fluid For AFB C/S,1600,Fluid,AFTER 8 WEEKS
8038,CSF Fluid For Gram Stain,400,CSF,SAME DAY
8015,CSF For AFB Stain / ZN Stain,400,CSF,SAME DAY
2224,CSF For AFB C/S,1600,CSF,AFTER 8 WEEKS
128,CSF for C/E,1200,CSF,Same Day After 12 Hour
134,CSF For C/S,1600,CSF,AFTER THREE DAYS
2228,CSF For Cytology,1400,CSF,AFTER FIVE DAYS
5045,CSF For Lactate Level,1600,CSF,NEXT DAY
2317,Cvp Tip For C/S,1600,CVP TIP,AFTER THREE DAYS
4406,Cyclosporine Level,6050,3cc EDTA BLOOD (CBC VIAL),AFTER THREE DAYS
8021,Cystic Fluid For AFB Stain / ZN Stain,400,CYSTIC FLUID,SAME DAY
8070,Cystic Fluid For AFB C/S,1600,CYSTIC FLUID,AFTER 8 WEEKS
8190,Cystic Fluid For C/E,1200,Fluid,Same Day After 12 Hour
8071,Cystic Fluid For C/S,1600,CYSTIC FLUID,AFTER THREE DAYS
8099,Cystic Fluid For Cytology,1400,Fluid,AFTER TWO DAYS
39,Drug Screen Profile,2750,spot Urine,DAILY
1324,D-Dimer,2200,Sodium Citrate Tube (PT Vial),Same Day After 8 Hour
5551,Dengue (IgG) by ELISA,1600,3- 5cc Clotted Blood or Serum,SAME DAY
5552,Dengue (IgM) by ELISA,1600,3- 5cc Clotted Blood or Serum,SAME DAY
4198,Dengue Ns1 by ELISA,2650,3- 5cc Clotted Blood or Serum,AFTER ONE DAY
4120,DHEA SO4,2400,3- 5cc Clotted Blood or Serum,AFTER ONE DAY
4400,Digoxin,1600,3- 5cc Clotted Blood or Serum,AFTER ONE DAY
1303,DLC (Differential Leukocyte Count),200,3cc EDTA BLOOD (CBC VIAL),Same Day After 8 Hour
2586,Doorstep Service For Covid 19 ( Urgent),6500,N/A,DAILY
8016,Ear Swab For AFB Stain / ZN Stain,400,EAR SWAB,SAME DAY
137,Ear Swab For C/S,1600,EAR SWAB,AFTER THREE DAYS
8039,Ear Swab For Gram Stain,400,EAR SWAB,SAME DAY
3338,Echinococcus Granulosis IgG,3200,3- 5cc Clotted Blood or Serum,AFTER THREE DAYS
3620,eGFR with Creatinine,1000,3- 5cc Clotted Blood or Serum,AFTER ONE DAY
4647,ENA QUANTRIX 25 IgG,6500,3- 5cc Clotted Blood or Serum,AFTER THREE DAYS
5077,Erythropoietin,6600,3- 5cc Clotted Blood or Serum,AFTER THREE DAYS
1304,ESR,300,EDTA Blood or EDTA Plasma,Same Day After 8 Hour
4118,Estradiol (E2),1400,3- 5cc Clotted Blood or Serum,SAME DAY
3624,Eye Swab (Left) for ZN Stain,400,SWAB,SAME DAY
3623,Eye Swab (Right) for ZN Stain,400,SWAB,SAME DAY
3625,Eye Swab C/S,1600,SWAB,AFTER THREE DAYS
789452,Factor II Level,2150,3- 5cc Clotted Blood or Serum,AFTER THREE DAYS
789454,Factor IX Level,2150,3- 5cc Clotted Blood or Serum,AFTER THREE DAYS
789456,Factor V Leiden Screening,5400,3- 5cc Clotted Blood or Serum,AFTER THREE DAYS
789455,Factor V Level,2150,3- 5cc Clotted Blood or Serum,AFTER THREE DAYS
7001,Factor VIII Level,2150,3- 5cc Clotted Blood or Serum,AFTER THREE DAYS
7002,Factor X Level,2150,3- 5cc Clotted Blood or Serum,AFTER THREE DAYS
4606,Ferritin,1400,3- 5cc Clotted Blood or Serum,Same Day After 6 Hour
1308,Fibrinogen,1700,Sodium Citrate Tube (PT Vial),Same Day After 8 Hour
100001,Fluid C/S,1600,Fluid,AFTER THREE DAYS
8012,Fluid For AFB Stain / ZN Stain,400,BODY FLUID,SAME DAY
8086,Fluid For AFB C/S,1600,BODY FLUID,AFTER 8 WEEKS
12092,Fluid For Albumin,400,Fluid,DAILY
2236,Fluid For Analysis C/E,1200,Fluid,Same Day After 12 Hour
3402,Fluid For Biochemistry,1500,Fluid,NEXT DAY
3817,Fluid for C/S,1600,Fluid,AFTER THREE DAYS
2583,Fluid for Creatinine,400,Fluid,DAILY
37,Fluid For Fungus C/S,1600,Fluid,AFTER THREE WEEKS
100100,Fluid for Protein,500,Fluid,DAILY
5570,Fluid for Specific Gravity,300,Fluid,SAME DAY
2582,Fluid for Urea,400,Fluid,DAILY
4402,Folate Level (Folic Acid),1800,3- 5cc Clotted Blood or Serum,AFTER ONE DAY
50562,Free Cortisol (24 Hours Urine),1400,24 Hrs Urine,AFTER ONE DAY
1384,Free Protein-S,4600,3- 5cc Sodium Citrate,AFTER THREE DAYS
4109,Free T3,1400,3- 5cc Clotted Blood or Serum,SAME DAY
4106,Free T4,1400,3- 5cc Clotted Blood or Serum,SAME DAY
4128,Free Testosterone,2750,3- 5cc Clotted Blood or Serum,AFTER ONE DAY
4105,FSH,1400,3- 5cc Clotted Blood or Serum,Same Day After 6 Hour
3666,Fungal Culture,1600,"Any Fluid (Plural,Ascitic)",AFTER THREE WEEKS
3668,Fungal Stain,400,Fluid,SAME DAY
1320,G6 PD Test (Qualitative),1600,3- 5cc Clotted Blood or Serum,AFTER THREE DAYS
6062,Gamma GT,800,3- 5cc Clotted Blood or Serum,DAILY
2319,Gastrin Level,5050,3- 5cc Clotted Blood or Serum,AFTER THREE DAYS
8210,Gauze Piece For C/S,1600,Gauze piece,AFTER THREE DAYS
16391,GCT (100g - 2 sample),800,Sodium Fluoride Containing Sample,DAILY
3622,Geimsa Stain,400,"Any Fluid (Plural,Ascitic)",AFTER ONE DAY
10120,GeneXpert MTB/RIF Assay,4500,3- 5cc Clotted Blood or Serum,AFTER ONE WEEK
5264,Glucose Random,300,Fluid,SAME DAY
5256,Glucose (2 Hours Post Parandial),300,Sodium Fluoride Containing Sample,Same Day After 6 Hour
1531,Glucose (Fluid),300,Fluid,Same Day After 6 Hour
10102,Gram Stain,400,Fluid,DAILY
4115,Growth Hormone,1950,3- 5cc Clotted Blood or Serum,AFTER THREE DAYS
14001,GTT (2 Sample - 75 Gram Glucose),600,Sodium Fluoride Containing Sample,Same Day After 6 Hour
1403,GTT (3 Sample- 75 Gram Glucose),900,Sodium Fluoride Containing Sample,Same Day After 6 Hour
1431,GTT (Glucose Tolerance Test) e 100 Gram Glucose,900,Sodium Fluoride Containing Sample,Same Day After 6 Hour
4629,H pylori Ig A ELISA,1600,3- 5cc Clotted Blood or Serum,DAILY
4628,H pylori Ig G ELISA,1600,3- 5cc Clotted Blood or Serum,DAILY
8084,Hair For Fungus C/S,1600,HAIR,AFTER THREE WEEKS
4148,Haptoglobin,1100,3- 5cc Clotted Blood or Serum,AFTER THREE DAYS
4802,HbA1C,1600,3cc EDTA BLOOD (CBC VIAL),NEXT DAY
4206,HBe Ag (ELISA),1600,3- 5cc Clotted Blood or Serum,AFTER ONE DAY
4201,HBs Ag (ELISA),1200,3- 5cc Clotted Blood or Serum,AFTER ONE DAY
4510,HBs Ag Screening,400,3- 5cc Clotted Blood or Serum,SAME DAY
4609,HBV DNA BY REAL-TIME PCR (QUALITATIVE),5000,EDTA vials blood / Plasma,AFTER THREE DAYS
4617,HBV DNA BY REAL-TIME PCR (QUANTITATIVE),6000,EDTA vials blood / Plasma,AFTER THREE DAYS
4621,HCV Genotyping by PCR,6500,EDTA vials blood / Plasma,AFTER 7 DAYS
4607,HCV RNA BY REAL-TIME PCR (QUALITATIVE),5000,EDTA vials blood / Plasma,AFTER THREE DAYS
4610,HCV RNA BY REAL-TIME PCR (QUANTITATIVE),6000,EDTA vials blood / Plasma,AFTER THREE DAYS
1904,HDL (Cholesterol),400,(Fasting) 3- 5cc Clotted Blood or Serum,SAME DAY
1203,Helicobacter pylori Antigen (Stool),2500,STOOL,Same Day After 8 Hour
1301,Hemoglobin (HB),300,3cc EDTA BLOOD (CBC VIAL),Same Day After 8 Hour
5011,Hemoglobin Electrophoresis,2200,3cc EDTA BLOOD (CBC VIAL),AFTER 6 DAYS
12058,Herpes (HSV 1&2) PCR Qualitative,7150,3- 5cc Clotted Blood or Serum,AFTER THREE DAYS
4707,Herpes (HSV) Ig G,1500,3- 5cc Clotted Blood or Serum,AFTER THREE DAYS
4708,Herpes (HSV) Ig M,1500,3- 5cc Clotted Blood or Serum,AFTER THREE DAYS
1146,HIV RNA by PCR (Quantitative),10450,3- 5cc Clotted Blood or Serum,AFTER ONE WEEK
4132,Homocystine Level,1750,3- 5cc Clotted Blood or Serum,AFTER THREE DAYS
1818,Human Ig G-4,8500,3- 5cc Clotted Blood or Serum,AFTER THREE DAYS
8017,HVS For AFB Stain / ZN Stain,400,HVS SWAB,SAME DAY
1228,HVS For C/S,1600,HVS SWAB,AFTER THREE DAYS
8040,HVS For Gram Stain,400,HVS SWAB,SAME DAY
8022,Hydrocele Fluid For AFB Stain / ZN Stain,400,Hydrocele Fluid,SAME DAY
8072,Hydrocele Fluid For AFB C/S,1600,Hydrocele Fluid,AFTER 8 WEEKS
8073,Hydrocele Fluid For C/S,1600,Hydrocele Fluid,AFTER THREE DAYS
8098,Hydrocele Fluid For Cytology,1400,Fluid,AFTER FIVE DAYS
8046,Hydrocele Fluid For Gram Stain,400,Hydrocele Fluid,SAME DAY
4602,Ig A (Immunoglobulin A),1200,3- 5cc Clotted Blood or Serum,AFTER TWO DAYS
4605,Ig E (Immunoglobulin E),1400,3- 5cc Clotted Blood or Serum,AFTER ONE DAY
4603,Ig G (Immunoglobulin G),1200,3- 5cc Clotted Blood or Serum,AFTER TWO DAYS
4604,Ig M (Immunoglobulin M),1200,3- 5cc Clotted Blood or Serum,AFTER TWO DAYS
3251,IL- 6 (Serum),2000,3- 5cc Clotted Blood or Serum,AFTER THREE DAYS
8533,Immature Platelet Fraction (IPF),1500,3- 5cc Clotted Blood or Serum,AFTER THREE DAYS
2322,"Immunoglobulins (IgA,IgG,IgM)",3600,Urine (Random/Spot),AFTER 6 DAYS
1706,Inorganic Phosphorus (PO4),500,3- 5cc Clotted Blood or Serum,SAME DAY
4116,Insulin (Fasting),2200,3- 5cc Clotted Blood or Serum,AFTER ONE DAY
5564,Insulin Growth Factor-1(Igf-1),6800,3- 5cc Clotted Blood or Serum,AFTER THREE DAYS
5553,Ionized Calcium,500,3- 5cc Clotted Blood or Serum,SAME DAY
2702,Iron,600,3- 5cc Clotted Blood or Serum,AFTER ONE DAY
8041,Joint Fluid For Gram Stain,600,Joint Fluid,SAME DAY
126,Joint Fluid C/E,1200,Joint Fluid,Same Day After 12 Hour
8060,Joint Fluid For AFB C/S,1600,Fluid,AFTER 8 WEEKS
8018,Joint Fluid For AFB Stain / ZN Stain,400,Joint Fluid,SAME DAY
2242,Joint Fluid For C/S,1600,Fluid,AFTER THREE DAYS
3517,Ketones (Urine),400,Urine (Random/Spot),SAME DAY
8067,Knee Joint Fluid For AFB C/S,1600,Knee Joint Fluid,AFTER 8 WEEKS
8068,Knee Joint Fluid For C/S,1600,Knee Joint Fluid,AFTER THREE DAYS
8013,Knee Joint Fluid For AFB Stain / ZN Stain,400,Knee Joint Fluid,SAME DAY
8042,Knee Joint Fluid For Gram Stain,400,Knee Joint Fluid,SAME DAY
5023,Lactate Level,1400,Sodium Fluoride Containing Sample,DAILY
2323,LDH (CSF),500,CSF,AFTER TWO DAYS
2324,LDH (Fluid),500,Fluid,AFTER TWO DAYS
1803,LDH (Serum),500,3- 5cc Clotted Blood or Serum,SAME DAY
4104,LH,1400,3- 5cc Clotted Blood or Serum,AFTER ONE DAY
2710,Lipase (Fluid),1000,Fluid,SAME DAY
2716,Lipase (Serum),1000,3- 5cc Clotted Blood or Serum,SAME DAY
1900,Lipid Profile,1800,3- 5cc Clotted Blood or Serum,DAILY
15454,Lipoprotein A,1450,3- 5cc Clotted Blood or Serum,AFTER THREE DAYS
1708,Lithium,1200,3- 5cc Clotted Blood or Serum,AFTER THREE DAYS
66112,LIVER FUNCTION TESTS (LFT),1600,3- 5cc Clotted Blood or Serum,Same Day After 6 Hour
2327,Lupus Anticoagulant Abs,5400,3- 5cc Clotted Blood or Serum,AFTER THREE DAYS
1707,Magnesium,500,3- 5cc Clotted Blood or Serum,SAME DAY
3233,Magnesium (24 Hours),500,24 Hrs Urine,AFTER TWO DAYS
1529,Magnesium (Fluid),500,Fluid,AFTER ONE DAY
1315,Malarial Parasite (M.P) by Smear,500,3cc EDTA BLOOD (CBC VIAL),Same Day After 8 Hour
1335,Malarial Parasite (M.P) ICT,600,3cc EDTA BLOOD (CBC VIAL),Same Day After 8 Hour
12365,Malignant Cytology,1400,Fluid,AFTER THREE DAYS
2330,Measles IgG,2000,3- 5cc Clotted Blood or Serum,AFTER THREE DAYS
2329,Measles IgM,2000,3- 5cc Clotted Blood or Serum,AFTER THREE DAYS
4804,Microalbuminuria (24 Hrs Urine),1000,24 Hrs Urine,SAME DAY
4813,Microalbuminuria Urine (Spot / Random),1000,Urine (Random/Spot),SAME DAY
2256,Milk Analysis One Side,1200,MILK,Same Day After 12 Hour
2240,Milk For Cytology,1400,MILK,AFTER FIVE DAYS
8043,Milk For Gram Stain,400,MILK,SAME DAY
8141,Milk(Leftt) For C/S,1600,MILK,AFTER THREE DAYS
8140,Milk(Right) For C/S,1600,MILK,AFTER THREE DAYS
3408,Mono Spot Test,1000,3- 5cc Clotted Blood or Serum,AFTER THREE DAYS
4616,Morphine Derivatives (Urine),2700,Urine (Random/Spot),NEXT DAY
4608,MTB PCR Qualitative,5000,3- 5cc Clotted Blood or Serum,AFTER THREE DAYS
5044,Mumps IgG,2200,3- 5cc Clotted Blood or Serum,AFTER THREE DAYS
2334,Mumps IgM,2200,3- 5cc Clotted Blood or Serum,AFTER THREE DAYS
9001,"Mycodot (IgG,IgM) ICT Profile",600,3- 5cc Clotted Blood or Serum,SAME DAY
3301,Mycodot Ig G ELISA,1400,3- 5cc Clotted Blood or Serum,DAILY
3300,Mycodot Ig M ELISA,1400,3- 5cc Clotted Blood or Serum,DAILY
5003,Mycoplasma Ig G ELISA,2400,3- 5cc Clotted Blood or Serum,AFTER THREE DAYS
5004,Mycoplasma Ig M ELISA,2400,3- 5cc Clotted Blood or Serum,AFTER THREE DAYS
8083,Nail For Fungal Examination,900,NAIL,AFTER TWO WEEKS
4172,Nasal Screation C/S,1600,Fluid,AFTER THREE DAYS
2356,Nasal Secretion C/S,1600,NASAL SECRATION,AFTER THREE DAYS
8031,Nasal Secretion For AFB Stain / ZN Stain,400,NASAL SECRATION,SAME DAY
8061,Nasal Secretion For AFB C/S,1600,NASAL SECRATION,AFTER 8 WEEKS
8056,Nasal Secretion For Gram Stain,400,NASAL SECRATION,SAME DAY
4222,Non-HDL (LDL) Cholesterol,400,3- 5cc Clotted Blood or Serum,DAILY
2337,Opiates (Urine),1400,spot Urine,AFTER THREE DAYS
40004,Oral Swab C/S,1600,SWAB,AFTER THREE DAYS
3602,Osmolality (Serum),1100,3- 5cc Clotted Blood or Serum,AFTER THREE DAYS
1104,Osmolality Urine (Spot / Random),1100,spot Urine,AFTER TWO DAYS
1147,Oxalate (24 Urine),3300,3- 5cc Clotted Blood or Serum,AFTER THREE DAYS
782456,Pancreatic Elastase-1 (Stool),5700,3- 5cc Clotted Blood or Serum,AFTER THREE DAYS
3503,Pap Smear,2750,SLIDES,AFTER FOUR DAYS
4125,Parathyroid hormone (intact PTH),2200,3- 5cc Clotted Blood or Serum,NEXT DAY
1919,PAS Stain,800,Tissue,AFTER 6 DAYS
8028,Pericardial Fluid For AFB Stain / ZN Stain,600,Pericardial Fluid,SAME DAY
8105,Pericardial Fluid For C/E,1200,Pericardial Fluid,Same Day After 12 Hour
8076,Pericardial Fluid For C/S,1600,Pericardial Fluid,AFTER THREE DAYS
8075,Pericardial Fluid For AFB C/S,1500,Pericardial Fluid,AFTER 8 WEEKS
8097,Pericardial Fluid For Cytology,1400,Fluid,AFTER FIVE DAYS
8052,Pericardial Fluid For Gram Stain,400,Pericardial Fluid,SAME DAY
1307,Peripheral Blood Film,400,3cc EDTA BLOOD (CBC VIAL),Same Day After 8 Hour
129,Peritoneal Fluid C/E,1200,Peritoneal Fluid,Same Day After 12 Hour
8020,Peritoneal Fluid For AFB Stain / ZN Stain,400,Peritoneal Fluid,SAME DAY
135,Peritoneal Fluid For C/S,1600,Peritoneal Fluid,AFTER THREE DAYS
8062,Peritoneal Fluid For AFB C/S,1600,Peritoneal Fluid,AFTER 8 WEEKS
2235,Peritoneal Fluid For Cytology,1400,Fluid,AFTER FIVE DAYS
8044,Peritoneal Fluid For Gram Stain,400,Peritoneal Fluid,SAME DAY
10105,Peritoneal Fluid Hematoma For C/S,1600,Fluid,AFTER THREE DAYS
3216,pH Urine,300,Urine (Random/Spot),SAME DAY
2340,Phenytoin (Dilantin),1450,3- 5cc Clotted Blood or Serum,AFTER ONE WEEK
2635,Phosphate (24 Hour Urine),500,24 Hrs Urine,DAILY
11228,Plasma Alcohol (Ethanol),1950,3- 5cc EDTA Blood,AFTER ONE WEEK
2511,Plasma Renin (Direct),3850,3- 5cc EDTA Blood,AFTER THREE DAYS
3254,Platelet Count,250,3- 5cc EDTA Blood,Same Day After 8 Hour
101020,Pleural Fluid C/E,1200,Fluid,Same Day After 12 Hour
8023,Pleural Fluid For AFB Stain / ZN Stain,400,Pleural Fluid,SAME DAY
8063,Pleural Fluid For AFB C/S,1600,Pleural Fluid,AFTER 8 WEEKS
133,Pleural Fluid For C/S,1600,Pleural Fluid,AFTER THREE DAYS
2209,Pleural Fluid For C/S,1600,Fluid,AFTER THREE DAYS
2214,Pleural Fluid For Cytology,1400,Fluid,AFTER THREE DAYS
8047,Pleural Fluid For Gram Stain,400,Pleural Fluid,SAME DAY
12123,Pleural fluid for malignant cell,1500,Pleural Fluid,ON CALL
1702,Potassium,500,3- 5cc Clotted Blood or Serum,SAME DAY
1532,Potassium (Fluid),500,Fluid,DAILY
1120,Potassium Urine,500,Urine (Random/Spot),NEXT DAY
3403,Pregnancy Test (ICT),300,Urine (Random/Spot),Same Day After 8 Hour
31,Pro BNP,3000,3- 5cc Clotted Blood or Serum,AFTER ONE DAY
4136,Procalcitonin (PCT),6300,3- 5cc Clotted Blood or Serum,AFTER FOUR DAYS
4108,Progesterone,1600,3- 5cc Clotted Blood or Serum,AFTER ONE DAY
4107,Prolactin,1400,3- 5cc Clotted Blood or Serum,AFTER TWO DAYS
1113,Protein (24 Hrs Urine),500,24 Hrs Urine,AFTER TWO DAYS
1610,Protein / Creatinine Ratio Urine,1000,Serum and 24Hrs Urine,DAILY
5010,Protein Electrophoresis,1450,3- 5cc Clotted Blood or Serum,AFTER THREE DAYS
1348,Protein-C,4600,Sodium Citrate Tube (PT Vial),AFTER THREE DAYS
1305,Prothrombin Time (PT With INR),600,Sodium Citrate Tube (PT Vial),Same Day After 8 Hour
4307,PSA (Prostate Specific Antigen),2200,3- 5cc Clotted Blood or Serum,AFTER ONE DAY
8024,Pus For AFB Stain / ZN Stain,400,PUS,SAME DAY
8065,Pus For AFB C/S,1600,PUS,AFTER 8 WEEKS
4620,Pus For C/S,1600,PUS,AFTER THREE DAYS
1221,Pus For Cytology,1400,PUS,AFTER FIVE DAYS
8250,Pus For Fungus C/S,1600,PUS,AFTER THREE WEEKS
8048,Pus For Gram Stain,400,PUS,SAME DAY
8027,Pus Swab For AFB Stain / ZN Stain,400,PUS SWAB,SAME DAY
8074,Pus Swab For C/S,1600,PUS SWAB,AFTER THREE DAYS
8051,Pus Swab For Gram Stain,400,PUS SWAB,SAME DAY
1021,Quantiferon TB (IGRA) Gold,9000,3- 5cc Lithium,AFTER ONE WEEK
786,RA Factor Quantitative,1200,3- 5cc Clotted Blood or Serum,AFTER TWO DAYS
2338,Reducing Substance (Stool),500,STOOL,Same Day After 8 Hour
1115,Reducing Substances (Urine),500,Urine (Random/Spot),DAILY
1079,RENAL FUNCTION TEST (RFT),1000,3- 5cc Clotted Blood or Serum,Same Day After 6 Hour
1618,Renal Function Test (RFTs) with GFR,1200,3- 5cc Clotted Blood or Serum,Same Day After 6 Hour
125078,Reticulocytes,400,3cc EDTA BLOOD (CBC VIAL),Same Day After 8 Hour
1347,Rh Antibodies,600,3-5cc edta blood and serum,SAME DAY
10278,Rh. Anti body Titration,600,3- 5cc Clotted Blood or Serum+ EDTA,DAILY
4701,Rubella Ig G ELISA,1400,3- 5cc Clotted Blood or Serum,AFTER TWO DAYS
4702,Rubella Ig M ELISA,1400,3- 5cc Clotted Blood or Serum,AFTER TWO DAYS
1515,SAAG (serum ascites albumin gradient),850,Ascitic Fluid +4 CC Clotted blood,Same Day After 8 Hour
8030,Semen For AFB Stain / ZN Stain,400,SEMEN,SAME DAY
1207,Semen Analysis C/E,1000,SEMEN,Same Day After 8 Hour
1208,Semen For C/S,1600,SEMEN,AFTER THREE DAYS
8054,Semen For Gram Stain,400,SEMEN,SAME DAY
11229,Serum Androstendione Level,2550,3- 5cc Clotted Blood or Serum,AFTER THREE DAYS
1700,Serum Electrolytes,1200,3- 5cc Clotted Blood or Serum,Same Day After 6 Hour
3961,Serum Free Light Chain (Kappa & Lambda),6000,3- 5cc Clotted Blood or Serum,AFTER THREE DAYS
52526,Sex Hormone Binding Globulin (SHBG),1800,3- 5cc Clotted Blood or Serum,AFTER THREE DAYS
1504,SGOT (AST),400,3- 5cc Clotted Blood or Serum,SAME DAY
1503,SGPT (ALT),400,3- 5cc Clotted Blood or Serum,SAME DAY
789451,Slide For Review Histopathology,2500,SLIDES,AFTER 7 DAYS
1701,Sodium,400,3- 5cc Clotted Blood or Serum,SAME DAY
1526,Sodium (Fluid),400,Fluid,DAILY
3507,Sodium Urine (Spot / Random),400,Urine (Random/Spot),AFTER ONE DAY
8527,Spot Protein / Creatinine Ratio Urine,1000,spot Urine,DAILY
2347,Spot Urea Clearance,500,Urine,SAME DAY
12093,Spot Urinary Phosphate,500,Urine (Random/Spot),DAILY
1213,Sputum For AFB C/S,1600,SPUTUM,AFTER 8 WEEKS
1240,Sputum For AFB Smear / ZN Stain,400,SPUTUM,AFTER ONE DAY
1210,Sputum For C/S,1600,SPUTUM,AFTER THREE DAYS
39,Sputum for C/S (Anaerobic),1600,SPUTUM,AFTER FOUR DAYS
1209,Sputum For Cytology,1400,SPUTUM,AFTER FIVE DAYS
8152,Sputum For Fungus examination,1500,SPUTUM,AFTER TWO DAYS
8034,Sputum For Gram Stain,400,SPUTUM,SAME DAY
2001,Stone Analysis,2500,STONE,SAME DAY
1200,Stool For C/E,600,STOOL,SAME DAY
8091,Stool For C/S,1600,STOOL,AFTER THREE DAYS
12554,Stool for Clostridium Difficile Ag,3000,STOOL,NEXT DAY
1204,Stool For Occult Blood,600,STOOL,SAME DAY
4127,Serum Anti Smooth Muscle Abs (ASMA) IFA,4500,3- 5cc Clotted Blood or Serum,AFTER THREE DAYS
3518,Serum/ Plasma Sugar Fasting,300,3- 5cc Clotted Blood or Serum,SAME DAY
3520,Serum/Plasma Sugar Random,300,3- 5cc Clotted Blood or Serum,SAME DAY
5100,Swab For C/S,1600,SWAB,AFTER THREE DAYS
127,Synovial Fluid C/E,1200,Synovial Fluid,Same Day After 12 Hour
8029,Synovial Fluid For AFB Stain / ZN Stain,400,Synovial Fluid,SAME DAY
8078,Synovial Fluid For C/S,1600,Synovial Fluid,AFTER THREE DAYS
8077,Synovial Fluid For AFB C/S,1600,Synovial Fluid,AFTER 8 WEEKS
8101,Synovial Fluid For Cytology,1400,Synovial Fluid,AFTER FIVE DAYS
8053,Synovial Fluid For Gram Stain,400,Synovial Fluid,SAME DAY
34,Syphilis (VDRL) Screening,500,3- 5cc Clotted Blood or Serum,DAILY
4101,T3,800,3- 5cc Clotted Blood or Serum,SAME DAY
4102,T4,800,3- 5cc Clotted Blood or Serum,SAME DAY
3339,Tacrolimus,6050,3- 5cc Clotted Blood or Serum,AFTER THREE DAYS
8025,Throat Swab For AFB Stain / ZN Stain,400,THROAT SWAB,SAME DAY
1216,Throat Swab For C/S,1600,SWAB,AFTER THREE DAYS
8049,Throat Swab For Gram Stain,400,THROAT SWAB,SAME DAY
4949,Thyroid Cyst Fluid For C/E,1200,Fluid,Same Day After 12 Hour
4428,"Thyroid Function Test (FT3,FT4,TSH) Extended",3600,3- 5cc Clotted Blood or Serum,DAILY
22330,"Thyroid Function Test (T3,T4,TSH)",2400,3- 5cc Clotted Blood or Serum,DAILY
41001,Thyroid Peroxidase Antibodies (Anti-TPO),1000,3- 5cc Clotted Blood or Serum,AFTER THREE DAYS
2703,TIBC,700,3- 5cc Clotted Blood or Serum,AFTER ONE DAY
8107,Tip For C/S,1600,TIP,AFTER THREE DAYS
8212,Tip for C/S (Anaerobic),2000,TIP,AFTER THREE DAYS
8120,Tissue For AFB Stain / ZN Stain,400,Tissue,AFTER FOUR DAYS
8108,Tissue For C/S,1600,Tissue,AFTER THREE DAYS
8169,Tissue For C/S,1600,Tissue,AFTER THREE DAYS
4700,Torch Profile,6800,3- 5cc Clotted Blood or Serum,AFTER 7 DAYS
1705,Total Calcium,300,3- 5cc Clotted Blood or Serum,SAME DAY
6053,Total Protein,400,3- 5cc Clotted Blood or Serum,DAILY
1310,Total RBCs,400,3cc EDTA BLOOD (CBC VIAL),Same Day After 8 Hour
4124,Total Testosterone,1400,3- 5cc Clotted Blood or Serum,DAILY
4703,Toxoplasma Ig G ELISA,1400,3- 5cc Clotted Blood or Serum,AFTER THREE DAYS
4704,Toxoplasma Ig M ELISA,1400,3- 5cc Clotted Blood or Serum,AFTER THREE DAYS
4184,TPHA(syphilis),1500,24 Hrs Urine,AFTER FOUR DAYS
4328,Tracheal Secretion for C/S (Aerobic),2000,Tracheal Secretion,AFTER THREE DAYS
4329,Tracheal Secretion for C/S (Anaerobic),1600,Tracheal Secretion,AFTER THREE DAYS
8019,Tracheal Tube Secretion for AFB Stain / ZN Stain,400,Fluid,SAME DAY
2227,Tracheal Tube Secretion for Gram Stain,400,Fluid,SAME DAY
2717,Transferrin Saturation,1300,3- 5cc Clotted Blood or Serum,NEXT DAY
1903,Triglycerides,400,3- 5cc Clotted Blood or Serum,SAME DAY
231,Troponin T (Quantitative),1800,3- 5cc Clotted Blood or Serum,Same Day After 8 Hour
230,Troponin-I (Quantitative-hs),2000,3- 5cc Clotted Blood or Serum,Same Day After 8 Hour
4103,TSH,800,3- 5cc Clotted Blood or Serum,SAME DAY
8113,T-Spot TB Test,8250,3- 5cc Heparinized Blood,AFTER THREE DAYS
1601,Urea,40,3- 5cc Clotted Blood or Serum,SAME DAY
3510,Urea (24 Hrs Urine),500,24 Hrs Urine,SAME DAY
1614,Urea Urine (Spot / Random),500,Urine (Random/Spot),SAME DAY
8121,Uretheral Swab For C/S,1600,SWAB,AFTER THREE DAYS
7777,Urethral Smear for Gram Stain,400,SLIDES,AFTER ONE DAY
2704,Uric Acid,400,3- 5cc Clotted Blood or Serum,SAME DAY
8095,Urine For Cytology,1400,Urine (Random/Spot),AFTER FIVE DAYS
1100,Urine C/E,400,Urine (Random/Spot),Same Day After 8 Hour
8181,Urine For AFB Stain / ZN Stain,400,Urine,SAME DAY
8130,Urine For AFB C/S,1600,24 Hrs Urine,AFTER 8 WEEKS
5064,Urine For Amino Acid,2500,Urine (Random/Spot),AFTER THREE DAYS
51,Urine for Barbiturates (BAR),1500,Urine,AFTER TWO DAYS
5062,Urine For Bile Pigment,400,Urine (Random/Spot),NEXT DAY
1101,Urine For C/S,1200,Urine (Random/Spot),AFTER THREE DAYS
1232,Urine for Gram Stain,400,Urine (Random/Spot),SAME DAY
1136,Urine for Hemoglobin (Spot/Random),250,Urine (Random/Spot),DAILY
1239,Urine for pH,300,Urine (Random/Spot),SAME DAY
7,Urine For Reducing Substance,500,Urine (Random/Spot),Same Day After 8 Hour
6071,Urine Protein,100,Urine,DAILY
3509,Urine Sugar,100,Urine (Random/Spot),SAME DAY
29,Valproic Acid (Epival),1450,3- 5cc Clotted Blood or Serum,AFTER THREE DAYS
3850,Vancomycin,1400,3- 5cc Clotted Blood or Serum,AFTER THREE DAYS
5034,Varicella Zoster Virus Ig G ELISA,3400,3- 5cc Clotted Blood or Serum,AFTER ONE WEEK
3336,Varicella Zoster Virus Ig M ELISA,3950,3- 5cc Clotted Blood or Serum,AFTER THREE DAYS
4111,Vitamin B12,2000,3- 5cc Clotted Blood or Serum,AFTER THREE DAYS
8055,Vitreous Fluid (Eye) For Gram Stain,400,Vitreous Fluid,SAME DAY
8033,Vitreous For AFB Stain / ZN Stain,400,Vitreous Fluid,SAME DAY
8079,Vitrous Fluid For C/S,1600,Vitreous Fluid,AFTER THREE DAYS
8080,Vitrous Fluid For AFB C/S,1600,Vitreous Fluid,AFTER 8 WEEKS
1108,VMA (24 Hrs Urine),2400,24 Hrs Urine,AFTER FIVE DAYS
5656,Water C/S,1600,WATER,AFTER THREE DAYS
1302,WBC (TLC),300,3cc EDTA BLOOD (CBC VIAL),Same Day After 8 Hour
1813,WBC Morphology,400,3cc EDTA BLOOD (CBC VIAL),Same Day After 8 Hour
8026,Wound Aspirate For AFB Stain / ZN Stain,400,Wound Swab,SAME DAY
9011,Wound Swab for AFB /ZN Stain,400,SWAB,SAME DAY
131,Wound Swab For C/S,1600,Wound Swab,AFTER THREE DAYS
8050,Wound Swab For Gram Stain,400,Wound Swab,SAME DAY
2573,Zinc Level,2850,3- 5cc Clotted Blood or Serum,AFTER THREE DAYS
